<Objs Version="1.1.0.1" xmlns="http://schemas.microsoft.com/powershell/2004/04">
  <Obj RefId="0">
    <TN RefId="0">
      <T>Microsoft.PowerShell.Commands.PSRepositoryItemInfo</T>
      <T>System.Management.Automation.PSCustomObject</T>
      <T>System.Object</T>
    </TN>
    <MS>
      <S N="Name">xWebAdministration</S>
      <Version N="Version">2.3.0.0</Version>
      <S N="Type">Module</S>
      <S N="Description">Module with DSC Resources for Web Administration</S>
      <S N="Author">Microsoft Corporation</S>
      <S N="CompanyName">PowerShellTeam</S>
      <S N="Copyright">(c) 2013 Microsoft Corporation. All rights reserved.</S>
      <DT N="PublishedDate">2018-10-25T17:33:37+03:00</DT>
      <Obj N="InstalledDate" RefId="1">
        <DT>2018-12-13T23:13:26.4214155+02:00</DT>
        <MS>
          <Obj N="DisplayHint" RefId="2">
            <TN RefId="1">
              <T>Microsoft.PowerShell.Commands.DisplayHintType</T>
              <T>System.Enum</T>
              <T>System.ValueType</T>
              <T>System.Object</T>
            </TN>
            <ToString>DateTime</ToString>
            <I32>2</I32>
          </Obj>
        </MS>
      </Obj>
      <Nil N="UpdatedDate" />
      <URI N="LicenseUri">https://github.com/PowerShell/xWebAdministration/blob/master/LICENSE</URI>
      <URI N="ProjectUri">https://github.com/PowerShell/xWebAdministration</URI>
      <Nil N="IconUri" />
      <Obj N="Tags" RefId="3">
        <TN RefId="2">
          <T>System.Object[]</T>
          <T>System.Array</T>
          <T>System.Object</T>
        </TN>
        <LST>
          <S>DesiredStateConfiguration</S>
          <S>DSC</S>
          <S>DSCResourceKit</S>
          <S>DSCResource</S>
          <S>PSModule</S>
        </LST>
      </Obj>
      <Obj N="Includes" RefId="4">
        <TN RefId="3">
          <T>System.Collections.Hashtable</T>
          <T>System.Object</T>
        </TN>
        <DCT>
          <En>
            <S N="Key">Function</S>
            <Obj N="Value" RefId="5">
              <TNRef RefId="2" />
              <LST />
            </Obj>
          </En>
          <En>
            <S N="Key">RoleCapability</S>
            <Ref N="Value" RefId="5" />
          </En>
          <En>
            <S N="Key">DscResource</S>
            <Obj N="Value" RefId="6">
              <TNRef RefId="2" />
              <LST>
                <S>WebApplicationHandler</S>
                <S>xIisFeatureDelegation</S>
                <S>xIisHandler</S>
                <S>xIisLogging</S>
                <S>xIisMimeTypeMapping</S>
                <S>xIisModule</S>
                <S>xSSLSettings</S>
                <S>xWebApplication</S>
                <S>xWebAppPool</S>
                <S>xWebAppPoolDefaults</S>
                <S>xWebConfigKeyValue</S>
                <S>xWebConfigProperty</S>
                <S>xWebConfigPropertyCollection</S>
                <S>xWebsite</S>
                <S>xWebSiteDefaults</S>
                <S>xWebVirtualDirectory</S>
              </LST>
            </Obj>
          </En>
          <En>
            <S N="Key">Command</S>
            <Ref N="Value" RefId="5" />
          </En>
          <En>
            <S N="Key">Workflow</S>
            <Ref N="Value" RefId="5" />
          </En>
          <En>
            <S N="Key">Cmdlet</S>
            <Ref N="Value" RefId="5" />
          </En>
        </DCT>
      </Obj>
      <Nil N="PowerShellGetFormatVersion" />
      <S N="ReleaseNotes">* Update appveyor.yml to use the default template._x000D__x000A_* Added default template file .gitattributes, and added default settings for_x000D__x000A_  Visual Studio Code._x000D__x000A_* Line endings was fixed in files that was committed with wrong line ending.</S>
      <Obj N="Dependencies" RefId="7">
        <TNRef RefId="2" />
        <LST />
      </Obj>
      <S N="RepositorySourceLocation">https://www.powershellgallery.com/api/v2</S>
      <S N="Repository">PSGallery</S>
      <S N="PackageManagementProvider">NuGet</S>
      <Obj N="AdditionalMetadata" RefId="8">
        <TN RefId="4">
          <T>System.Management.Automation.PSCustomObject</T>
          <T>System.Object</T>
        </TN>
        <MS>
          <S N="copyright">(c) 2013 Microsoft Corporation. All rights reserved.</S>
          <S N="description">Module with DSC Resources for Web Administration</S>
          <S N="requireLicenseAcceptance">False</S>
          <S N="releaseNotes">* Update appveyor.yml to use the default template._x000D__x000A_* Added default template file .gitattributes, and added default settings for_x000D__x000A_  Visual Studio Code._x000D__x000A_* Line endings was fixed in files that was committed with wrong line ending.</S>
          <S N="isLatestVersion">True</S>
          <S N="isAbsoluteLatestVersion">True</S>
          <S N="versionDownloadCount">10235</S>
          <S N="downloadCount">626158</S>
          <S N="packageSize">1889216</S>
          <S N="published">2018-10-25 17:33:37 +03:00</S>
          <S N="created">2018-10-25 17:33:37 +03:00</S>
          <S N="lastUpdated">2018-12-13 21:10:31 +02:00</S>
          <S N="tags">DesiredStateConfiguration DSC DSCResourceKit DSCResource PSModule PSDscResource_WebApplicationHandler PSDscResource_x005F_xIisFeatureDelegation PSDscResource_x005F_xIisHandler PSDscResource_x005F_xIisLogging PSDscResource_x005F_xIisMimeTypeMapping PSDscResource_x005F_xIisModule PSDscResource_x005F_xSSLSettings PSDscResource_x005F_xWebApplication PSDscResource_x005F_xWebAppPool PSDscResource_x005F_xWebAppPoolDefaults PSDscResource_x005F_xWebConfigKeyValue PSDscResource_x005F_xWebConfigProperty PSDscResource_x005F_xWebConfigPropertyCollection PSDscResource_x005F_xWebsite PSDscResource_x005F_xWebSiteDefaults PSDscResource_x005F_xWebVirtualDirectory PSIncludes_DscResource</S>
          <S N="developmentDependency">False</S>
          <S N="updated">2018-12-13T21:10:31Z</S>
          <S N="NormalizedVersion">2.3.0</S>
          <S N="Authors">Microsoft Corporation</S>
          <S N="IsPrerelease">false</S>
          <S N="ItemType">Module</S>
          <S N="FileList">xWebAdministration.nuspec|.codecov.yml|.MetaTestOptIn.json|HighQualityResourceKitPlan.md|LICENSE|README.md|xWebAdministration.psd1|.git\config|.git\description|.git\HEAD|.git\index|.git\packed-refs|.git\hooks\applypatch-msg.sample|.git\hooks\commit-msg.sample|.git\hooks\post-update.sample|.git\hooks\pre-applypatch.sample|.git\hooks\pre-commit.sample|.git\hooks\pre-push.sample|.git\hooks\pre-rebase.sample|.git\hooks\pre-receive.sample|.git\hooks\prepare-commit-msg.sample|.git\hooks\update.sample|.git\info\exclude|.git\logs\HEAD|.git\logs\refs\heads\dev|.git\logs\refs\heads\master|.git\logs\refs\remotes\origin\HEAD|.git\objects\pack\pack-b89e139864c2e53ca05ceed07451ae05dd720001.idx|.git\objects\pack\pack-b89e139864c2e53ca05ceed07451ae05dd720001.pack|.git\refs\heads\dev|.git\refs\heads\master|.git\refs\remotes\origin\HEAD|.github\PULL_REQUEST_TEMPLATE.md|.github\stale.yml|.github\ISSUE_TEMPLATE\General.md|.github\ISSUE_TEMPLATE\Problem_with_resource.md|.github\ISSUE_TEMPLATE\Resource_proposal.md|.vscode\analyzersettings.psd1|.vscode\launch.json|.vscode\RunGlobalTests.ps1|.vscode\RunPesterTests.ps1|.vscode\settings.json|DSCResources\Helper.psm1|DSCResources\MSFT_WebApplicationHandler\MSFT_WebApplicationHandler.psm1|DSCResources\MSFT_WebApplicationHandler\MSFT_WebApplicationHandler.schema.mof|DSCResources\MSFT_WebApplicationHandler\en-us\MSFT_WebApplicationHandler.strings.psd1|DSCResources\MSFT_x005F_xIisFeatureDelegation\MSFT_x005F_xIisFeatureDelegation.psm1|DSCResources\MSFT_x005F_xIisFeatureDelegation\MSFT_x005F_xIisFeatureDelegation.schema.mof|DSCResources\MSFT_x005F_xIIsHandler\MSFT_x005F_xIisHandler.psm1|DSCResources\MSFT_x005F_xIIsHandler\MSFT_x005F_xIisHandler.schema.mof|DSCResources\MSFT_x005F_xIisLogging\MSFT_x005F_xIisLogging.psm1|DSCResources\MSFT_x005F_xIisLogging\MSFT_x005F_xIisLogging.schema.mof|DSCResources\MSFT_x005F_xIisMimeTypeMapping\MSFT_x005F_xIisMimeTypeMapping.psm1|DSCResources\MSFT_x005F_xIisMimeTypeMapping\MSFT_x005F_xIisMimeTypeMapping.schema.mof|DSCResources\MSFT_x005F_xIisModule\MSFT_x005F_xIisModule.psm1|DSCResources\MSFT_x005F_xIisModule\MSFT_x005F_xIisModule.schema.mof|DSCResources\MSFT_x005F_xIisModule\xIisModuleDesigner.ps1|DSCResources\MSFT_x005F_xSSLSettings\MSFT_x005F_xSSLSettings.psm1|DSCResources\MSFT_x005F_xSSLSettings\MSFT_x005F_xSSLSettings.schema.mof|DSCResources\MSFT_x005F_xWebApplication\MSFT_x005F_xWebApplication.psm1|DSCResources\MSFT_x005F_xWebApplication\MSFT_x005F_xWebApplication.schema.mof|DSCResources\MSFT_x005F_xWebAppPool\MSFT_x005F_xWebAppPool.psm1|DSCResources\MSFT_x005F_xWebAppPool\MSFT_x005F_xWebAppPool.schema.mof|DSCResources\MSFT_x005F_xWebAppPoolDefaults\MSFT_x005F_xWebAppPoolDefaults.psm1|DSCResources\MSFT_x005F_xWebAppPoolDefaults\MSFT_x005F_xWebAppPoolDefaults.schema.mof|DSCResources\MSFT_x005F_xWebConfigKeyValue\MSFT_x005F_xWebConfigKeyValue.psm1|DSCResources\MSFT_x005F_xWebConfigKeyValue\MSFT_x005F_xWebConfigKeyValue.schema.mof|DSCResources\MSFT_x005F_xWebConfigProperty\MSFT_x005F_xWebConfigProperty.psm1|DSCResources\MSFT_x005F_xWebConfigProperty\MSFT_x005F_xWebConfigProperty.schema.mof|DSCResources\MSFT_x005F_xWebConfigPropertyCollection\MSFT_x005F_xWebConfigPropertyCollection.psm1|DSCResources\MSFT_x005F_xWebConfigPropertyCollection\MSFT_x005F_xWebConfigPropertyCollection.schema.mof|DSCResources\MSFT_x005F_xWebsite\MSFT_x005F_xWebsite.psm1|DSCResources\MSFT_x005F_xWebsite\MSFT_x005F_xWebsite.schema.mof|DSCResources\MSFT_x005F_xWebSiteDefaults\MSFT_x005F_xWebSiteDefaults.psm1|DSCResources\MSFT_x005F_xWebSiteDefaults\MSFT_x005F_xWebSiteDefaults.schema.mof|DSCResources\MSFT_x005F_xWebVirtualDirectory\MSFT_x005F_xWebVirtualDirectory.psm1|DSCResources\MSFT_x005F_xWebVirtualDirectory\MSFT_x005F_xWebVirtualDirectory.schema.mof|Examples\README.md|Examples\Sample_WebApplicationHandler.ps1|Examples\Sample_x005F_xIisFeatureDelegation_IisConfigurationPathFormat.ps1|Examples\Sample_x005F_xIisFeatureDelegation_IisModulePathFormat.ps1|Examples\Sample_x005F_xIisHandler_Remove32Bit.ps1|Examples\Sample_x005F_xIisLogging_Rollover.ps1|Examples\Sample_x005F_xIisLogging_Truncate.ps1|Examples\Sample_x005F_xIisMimeTypeMapping_RemoveVideo.ps1|Examples\Sample_x005F_xIisServerDefaults.ps1|Examples\Sample_x005F_xSSLSettings_RequireCert.ps1|Examples\Sample_x005F_xWebApplication.ps1|Examples\Sample_x005F_xWebApplication_NewWebApplication.ps1|Examples\Sample_x005F_xWebAppPool.ps1|Examples\Sample_x005F_xWebAppPoolDefaults.ps1|Examples\Sample_x005F_xWebConfigKeyValue_AddAppSetting.ps1|Examples\Sample_x005F_xWebConfigKeyValue_RemoveAppSetting.ps1|Examples\Sample_x005F_xWebConfigPropertyCollection_Add.ps1|Examples\Sample_x005F_xWebConfigPropertyCollection_Remove.ps1|Examples\Sample_x005F_xWebConfigProperty_Add.ps1|Examples\Sample_x005F_xWebConfigProperty_Remove.ps1|Examples\Sample_x005F_xWebSiteDefaults.ps1|Examples\Sample_x005F_xWebsite_ConfigurationData.psd1|Examples\Sample_x005F_xWebsite_NewWebsite.ps1|Examples\Sample_x005F_xWebsite_NewWebsiteFromConfigurationData.ps1|Examples\Sample_x005F_xWebsite_RemoveDefault.ps1|Examples\Sample_x005F_xWebsite_WithSSLFlags.ps1|Examples\Sample_x005F_xWebVirtualDirectory_NewVirtualDirectory.ps1|Tests\MockWebAdministrationWindowsFeature.psm1|Tests\xWebAdministration.TestHarness.psm1|Tests\Integration\MSFT_WebApplicationHandler.Config.ps1|Tests\Integration\MSFT_WebApplicationHandler.Integration.Tests.ps1|Tests\Integration\MSFT_x005F_xIISFeatureDelegation.config.ps1|Tests\Integration\MSFT_x005F_xIISFeatureDelegation.Integration.Tests.ps1|Tests\Integration\MSFT_x005F_xIISHandler.config.ps1|Tests\Integration\MSFT_x005F_xIISHandler.Integration.Tests.ps1|Tests\Integration\MSFT_x005F_XIISLogging.config.ps1|Tests\Integration\MSFT_x005F_XIISLogging.Integration.Tests.ps1|Tests\Integration\MSFT_x005F_xIISMimeTypeMapping.config.ps1|Tests\Integration\MSFT_x005F_xIISMimeTypeMapping.Integration.Tests.ps1|Tests\Integration\MSFT_x005F_xSSLSettings.config.ps1|Tests\Integration\MSFT_x005F_xSSLSettings.config.psd1|Tests\Integration\MSFT_x005F_xSSLSettings.Integration.Tests.ps1|Tests\Integration\MSFT_x005F_xWebApplication.config.ps1|Tests\Integration\MSFT_x005F_xWebApplication.config.psd1|Tests\Integration\MSFT_x005F_xWebApplication.Integration.Tests.ps1|Tests\Integration\MSFT_x005F_xWebAppPool.config.ps1|Tests\Integration\MSFT_x005F_xWebAppPool.Integration.tests.ps1|Tests\Integration\MSFT_x005F_xWebAppPoolDefaults.config.ps1|Tests\Integration\MSFT_x005F_xWebAppPoolDefaults.Integration.Tests.ps1|Tests\Integration\MSFT_x005F_xWebConfigKeyValue.config.ps1|Tests\Integration\MSFT_x005F_xWebConfigKeyValue.Integration.Tests.ps1|Tests\Integration\MSFT_x005F_xWebConfigProperty.config.ps1|Tests\Integration\MSFT_x005F_xWebConfigProperty.Integration.Tests.ps1|Tests\Integration\MSFT_x005F_xWebConfigPropertyCollection.config.ps1|Tests\Integration\MSFT_x005F_xWebConfigPropertyCollection.Integration.Tests.ps1|Tests\Integration\MSFT_x005F_xWebsite.config.ps1|Tests\Integration\MSFT_x005F_xWebsite.config.psd1|Tests\Integration\MSFT_x005F_xWebsite.Integration.Tests.ps1|Tests\Integration\MSFT_x005F_xWebsiteDefaults.config.ps1|Tests\Integration\MSFT_x005F_xWebsiteDefaults.Integration.Tests.ps1|Tests\Integration\MSFT_x005F_xWebVirtualDirectory.config.ps1|Tests\Integration\MSFT_x005F_xWebVirtualDirectory.config.psd1|Tests\Integration\MSFT_x005F_xWebVirtualDirectory.Integration.Tests.ps1|Tests\TestHelper\CommonTestHelper.psm1|Tests\Unit\Helper.Tests.ps1|Tests\Unit\MSFT_WebApplicationHandler.tests.ps1|Tests\Unit\MSFT_x005F_xIISFeatureDelegation.Tests.ps1|Tests\Unit\MSFT_x005F_xIISHandler.Tests.ps1|Tests\Unit\MSFT_x005F_xIISLogging.Tests.ps1|Tests\Unit\MSFT_x005F_xIisMimeTypeMapping.Tests.ps1|Tests\Unit\MSFT_x005F_xSSLSettings.Tests.ps1|Tests\Unit\MSFT_x005F_xWebApplication.Tests.ps1|Tests\Unit\MSFT_x005F_xWebAppPool.Tests.ps1|Tests\Unit\MSFT_x005F_xWebAppPoolDefaults.Tests.ps1|Tests\Unit\MSFT_x005F_xWebConfigKeyValue.Tests.ps1|Tests\Unit\MSFT_x005F_xWebConfigProperty.tests.ps1|Tests\Unit\MSFT_x005F_xWebConfigPropertyCollection.tests.ps1|Tests\Unit\MSFT_x005F_xWebsite.Tests.ps1|Tests\Unit\MSFT_x005F_xWebVirtualDirectory.Tests.ps1</S>
          <S N="GUID">b3239f27-d7d3-4ae6-a5d2-d9a1c97d6ae4</S>
          <S N="PowerShellVersion">4.0</S>
          <S N="CLRVersion">4.0</S>
          <S N="CompanyName">Microsoft Corporation</S>
        </MS>
      </Obj>
      <S N="InstalledLocation">C:\Program Files\PowerShell\Modules\xWebAdministration\2.3.0.0</S>
    </MS>
  </Obj>
</Objs>
