<Objs Version="1.1.0.1" xmlns="http://schemas.microsoft.com/powershell/2004/04">
  <Obj RefId="0">
    <TN RefId="0">
      <T>Microsoft.PowerShell.Commands.PSRepositoryItemInfo</T>
      <T>System.Management.Automation.PSCustomObject</T>
      <T>System.Object</T>
    </TN>
    <MS>
      <S N="Name">ComputerManagementDsc</S>
      <Version N="Version">6.0.0.0</Version>
      <S N="Type">Module</S>
      <S N="Description">The ComputerManagementDsc module is originally part of the Windows PowerShell Desired State Configuration (DSC) Resource Kit. This version has been modified for use in Azure. This module contains the xComputer and xDisk resources. These DSC Resources allow you to perform computer management tasks, like joining a domain or initializing disks._x000D__x000A__x000D__x000A_All of the resources in the DSC Resource Kit are provided AS IS, and are not supported through any Microsoft standard support program or service.</S>
      <S N="Author">Microsoft Corporation</S>
      <S N="CompanyName">PowerShellTeam</S>
      <S N="Copyright">(c) 2018 Microsoft Corporation. All rights reserved.</S>
      <DT N="PublishedDate">2018-10-25T17:25:38+03:00</DT>
      <Obj N="InstalledDate" RefId="1">
        <DT>2018-12-13T23:12:21.8324173+02:00</DT>
        <MS>
          <Obj N="DisplayHint" RefId="2">
            <TN RefId="1">
              <T>Microsoft.PowerShell.Commands.DisplayHintType</T>
              <T>System.Enum</T>
              <T>System.ValueType</T>
              <T>System.Object</T>
            </TN>
            <ToString>DateTime</ToString>
            <I32>2</I32>
          </Obj>
        </MS>
      </Obj>
      <Nil N="UpdatedDate" />
      <URI N="LicenseUri">https://github.com/PowerShell/ComputerManagementDsc/blob/master/LICENSE</URI>
      <URI N="ProjectUri">https://github.com/PowerShell/ComputerManagementDsc</URI>
      <Nil N="IconUri" />
      <Obj N="Tags" RefId="3">
        <TN RefId="2">
          <T>System.Object[]</T>
          <T>System.Array</T>
          <T>System.Object</T>
        </TN>
        <LST>
          <S>DesiredStateConfiguration</S>
          <S>DSC</S>
          <S>DSCResourceKit</S>
          <S>DSCResource</S>
          <S>PSModule</S>
        </LST>
      </Obj>
      <Obj N="Includes" RefId="4">
        <TN RefId="3">
          <T>System.Collections.Hashtable</T>
          <T>System.Object</T>
        </TN>
        <DCT>
          <En>
            <S N="Key">Function</S>
            <Obj N="Value" RefId="5">
              <TNRef RefId="2" />
              <LST />
            </Obj>
          </En>
          <En>
            <S N="Key">RoleCapability</S>
            <Ref N="Value" RefId="5" />
          </En>
          <En>
            <S N="Key">DscResource</S>
            <Obj N="Value" RefId="6">
              <TNRef RefId="2" />
              <LST>
                <S>Computer</S>
                <S>OfflineDomainJoin</S>
                <S>PowerPlan</S>
                <S>PowerShellExecutionPolicy</S>
                <S>ScheduledTask</S>
                <S>TimeZone</S>
                <S>VirtualMemory</S>
              </LST>
            </Obj>
          </En>
          <En>
            <S N="Key">Command</S>
            <Ref N="Value" RefId="5" />
          </En>
          <En>
            <S N="Key">Workflow</S>
            <Ref N="Value" RefId="5" />
          </En>
          <En>
            <S N="Key">Cmdlet</S>
            <Ref N="Value" RefId="5" />
          </En>
        </DCT>
      </Obj>
      <Nil N="PowerShellGetFormatVersion" />
      <S N="ReleaseNotes">- ScheduledTask:_x000D__x000A_  - Added support for Group Managed Service Accounts, implemented using the ExecuteAsGMSA_x000D__x000A_    parameter. Fixes [Issue 111](https://github.com/PowerShell/ComputerManagementDsc/issues/111)_x000D__x000A_  - Added support to set the Synchronize Across Time Zone option. Fixes [Issue 109](https://github.com/PowerShell/ComputerManagementDsc/issues/109)_x000D__x000A_- Added .VSCode settings for applying DSC PSSA rules - fixes [Issue 189](https://github.com/PowerShell/ComputerManagementDsc/issues/189)._x000D__x000A_- BREAKING CHANGE: PowerPlan:_x000D__x000A_  - Added IsActive Read-Only Property - Fixes [Issue 171](https://github.com/PowerShell/ComputerManagementDsc/issues/171)._x000D__x000A_  - InActive power plans are no longer returned with their Name set to null._x000D__x000A_    Now, the name is always returned and the Read-Only property of IsActive_x000D__x000A_    is set accordingly.</S>
      <Obj N="Dependencies" RefId="7">
        <TNRef RefId="2" />
        <LST />
      </Obj>
      <S N="RepositorySourceLocation">https://www.powershellgallery.com/api/v2</S>
      <S N="Repository">PSGallery</S>
      <S N="PackageManagementProvider">NuGet</S>
      <Obj N="AdditionalMetadata" RefId="8">
        <TN RefId="4">
          <T>System.Management.Automation.PSCustomObject</T>
          <T>System.Object</T>
        </TN>
        <MS>
          <S N="copyright">(c) 2018 Microsoft Corporation. All rights reserved.</S>
          <S N="description">The ComputerManagementDsc module is originally part of the Windows PowerShell Desired State Configuration (DSC) Resource Kit. This version has been modified for use in Azure. This module contains the xComputer and xDisk resources. These DSC Resources allow you to perform computer management tasks, like joining a domain or initializing disks._x000D__x000A__x000D__x000A_All of the resources in the DSC Resource Kit are provided AS IS, and are not supported through any Microsoft standard support program or service.</S>
          <S N="requireLicenseAcceptance">False</S>
          <S N="releaseNotes">- ScheduledTask:_x000D__x000A_  - Added support for Group Managed Service Accounts, implemented using the ExecuteAsGMSA_x000D__x000A_    parameter. Fixes [Issue 111](https://github.com/PowerShell/ComputerManagementDsc/issues/111)_x000D__x000A_  - Added support to set the Synchronize Across Time Zone option. Fixes [Issue 109](https://github.com/PowerShell/ComputerManagementDsc/issues/109)_x000D__x000A_- Added .VSCode settings for applying DSC PSSA rules - fixes [Issue 189](https://github.com/PowerShell/ComputerManagementDsc/issues/189)._x000D__x000A_- BREAKING CHANGE: PowerPlan:_x000D__x000A_  - Added IsActive Read-Only Property - Fixes [Issue 171](https://github.com/PowerShell/ComputerManagementDsc/issues/171)._x000D__x000A_  - InActive power plans are no longer returned with their Name set to null._x000D__x000A_    Now, the name is always returned and the Read-Only property of IsActive_x000D__x000A_    is set accordingly.</S>
          <S N="isLatestVersion">True</S>
          <S N="isAbsoluteLatestVersion">True</S>
          <S N="versionDownloadCount">4666</S>
          <S N="downloadCount">62939</S>
          <S N="packageSize">62260</S>
          <S N="published">2018-10-25 17:25:38 +03:00</S>
          <S N="created">2018-10-25 17:25:38 +03:00</S>
          <S N="lastUpdated">2018-12-13 21:10:31 +02:00</S>
          <S N="tags">DesiredStateConfiguration DSC DSCResourceKit DSCResource PSModule PSDscResource_Computer PSDscResource_OfflineDomainJoin PSDscResource_PowerPlan PSDscResource_PowerShellExecutionPolicy PSDscResource_ScheduledTask PSDscResource_TimeZone PSDscResource_VirtualMemory PSIncludes_DscResource</S>
          <S N="developmentDependency">False</S>
          <S N="updated">2018-12-13T21:10:31Z</S>
          <S N="NormalizedVersion">6.0.0</S>
          <S N="Authors">Microsoft Corporation</S>
          <S N="IsPrerelease">false</S>
          <S N="ItemType">Module</S>
          <S N="FileList">ComputerManagementDsc.nuspec|ComputerManagementDsc.psd1|DSCResources\MSFT_Computer\MSFT_Computer.psm1|DSCResources\MSFT_Computer\MSFT_Computer.schema.mof|DSCResources\MSFT_Computer\README.md|DSCResources\MSFT_Computer\en-US\MSFT_Computer.strings.psd1|DSCResources\MSFT_OfflineDomainJoin\MSFT_OfflineDomainJoin.psm1|DSCResources\MSFT_OfflineDomainJoin\MSFT_OfflineDomainJoin.schema.mof|DSCResources\MSFT_OfflineDomainJoin\README.md|DSCResources\MSFT_OfflineDomainJoin\en-US\MSFT_OfflineDomainJoin.strings.psd1|DSCResources\MSFT_PowerPlan\MSFT_PowerPlan.psm1|DSCResources\MSFT_PowerPlan\MSFT_PowerPlan.schema.mof|DSCResources\MSFT_PowerPlan\README.md|DSCResources\MSFT_PowerPlan\en-US\MSFT_PowerPlan.schema.mfl|DSCResources\MSFT_PowerPlan\en-US\MSFT_PowerPlan.strings.psd1|DSCResources\MSFT_PowerShellExecutionPolicy\MSFT_PowerShellExecutionPolicy.psm1|DSCResources\MSFT_PowerShellExecutionPolicy\MSFT_PowerShellExecutionPolicy.schema.mof|DSCResources\MSFT_PowerShellExecutionPolicy\README.md|DSCResources\MSFT_PowerShellExecutionPolicy\en-US\MSFT_PowerShellExecutionPolicy.strings.psd1|DSCResources\MSFT_ScheduledTask\MSFT_ScheduledTask.psm1|DSCResources\MSFT_ScheduledTask\MSFT_ScheduledTask.schema.mof|DSCResources\MSFT_ScheduledTask\README.md|DSCResources\MSFT_ScheduledTask\en-US\MSFT_ScheduledTask.strings.psd1|DSCResources\MSFT_TimeZone\MSFT_TimeZone.psm1|DSCResources\MSFT_TimeZone\MSFT_TimeZone.schema.mof|DSCResources\MSFT_TimeZone\README.md|DSCResources\MSFT_TimeZone\en-us\MSFT_TimeZone.strings.psd1|DSCResources\MSFT_VirtualMemory\MSFT_VirtualMemory.psm1|DSCResources\MSFT_VirtualMemory\MSFT_VirtualMemory.schema.mof|DSCResources\MSFT_VirtualMemory\README.md|DSCResources\MSFT_VirtualMemory\en-US\MSFT_VirtualMemory.strings.psd1|Examples\Resources\Computer\1-RenameComputerAndSetWorkgroup.ps1|Examples\Resources\Computer\2-JoinDomain.ps1|Examples\Resources\Computer\3-RenameComputerInDomain.ps1|Examples\Resources\Computer\4-RenameComputerInWorkgroup.ps1|Examples\Resources\Computer\5-UnjoinDomainAndJoinWorkgroup.ps1|Examples\Resources\Computer\6-SetComputerDescriptionInWorkgroup.ps1|Examples\Resources\Computer\7-JoinDomainSpecifyingDC.ps1|Examples\Resources\OfflineDomainJoin\1-JoinDomainUsingODJBlob.ps1|Examples\Resources\PowerPlan\1-SetPowerPlan.ps1|Examples\Resources\PowerShellExecutionPolicy\1-SetPowerShellExecutionPolicy.ps1|Examples\Resources\PowerShellExecutionPolicy\2-SetPowershellExecutionPolicyForMultipleScopes.ps1|Examples\Resources\ScheduledTask\1-CreateScheduledTaskOnce.ps1|Examples\Resources\ScheduledTask\10-RunPowerShellTaskOnceAsUserInteractiveOnly.ps1|Examples\Resources\ScheduledTask\11-DisableABuiltInTask.ps1|Examples\Resources\ScheduledTask\12-DeleteABuiltInTask.ps1|Examples\Resources\ScheduledTask\13-CreateScheduledTasksOnEvent.ps1|Examples\Resources\ScheduledTask\14-RunPowerShellTaskOnceAsGroupManagedServiceAccount.ps1|Examples\Resources\ScheduledTask\15-CreateScheduledTaskOnceSynchronizeAcrossTimeZoneEnabled.ps1|Examples\Resources\ScheduledTask\2-CreateScheduledTaskDaily.ps1|Examples\Resources\ScheduledTask\3-CreateScheduledTasksDailyIndefinitely.ps1|Examples\Resources\ScheduledTask\4-CreateScheduledTasksWeekly.ps1|Examples\Resources\ScheduledTask\5-CreateScheduledTasksAtLogon.ps1|Examples\Resources\ScheduledTask\6-CreateScheduledTasksAtStartup.ps1|Examples\Resources\ScheduledTask\7-RunPowerShellTaskEvery15Minutes.ps1|Examples\Resources\ScheduledTask\8-RunPowerShellTaskEvery15MinutesIndefinitely.ps1|Examples\Resources\ScheduledTask\9-RunPowerShellTaskOnceAsUserWithHighestPriveleges.ps1|Examples\Resources\TimeZone\1-SetTimeZone.ps1|Examples\Resources\VirtualMemory\1-SetVirtualMemory.ps1|Modules\ComputerManagementDsc.Common\ComputerManagementDsc.Common.psm1|Modules\ComputerManagementDsc.Common\SetTimeZone.cs|Modules\ComputerManagementDsc.Common\en-us\ComputerManagementDsc.Common.strings.psd1|Modules\ComputerManagementDsc.ResourceHelper\ComputerManagementDsc.ResourceHelper.psm1</S>
          <S N="GUID">B5004952-489E-43EA-999C-F16A25355B89</S>
          <S N="PowerShellVersion">4.0</S>
          <S N="CLRVersion">4.0</S>
          <S N="CompanyName">Microsoft Corporation</S>
        </MS>
      </Obj>
      <S N="InstalledLocation">C:\Program Files\PowerShell\Modules\ComputerManagementDsc\6.0.0.0</S>
    </MS>
  </Obj>
</Objs>
