<Objs Version="1.1.0.1" xmlns="http://schemas.microsoft.com/powershell/2004/04">
  <Obj RefId="0">
    <TN RefId="0">
      <T>Microsoft.PowerShell.Commands.PSRepositoryItemInfo</T>
      <T>System.Management.Automation.PSCustomObject</T>
      <T>System.Object</T>
    </TN>
    <MS>
      <S N="Name">xActiveDirectory</S>
      <Version N="Version">2.22.0.0</Version>
      <S N="Type">Module</S>
      <S N="Description">The xActiveDirectory module is originally part of the Windows PowerShell Desired State Configuration (DSC) Resource Kit. This version has been modified for use in Azure. This module contains the xADDomain, xADDomainController, xADUser, and xWaitForDomain resources. These DSC Resources allow you to configure and manage Active Directory._x000D__x000A__x000D__x000A_All of the resources in the DSC Resource Kit are provided AS IS, and are not supported through any Microsoft standard support program or service.</S>
      <S N="Author">Microsoft Corporation</S>
      <S N="CompanyName">PowerShellTeam</S>
      <S N="Copyright">(c) 2014 Microsoft Corporation. All rights reserved.</S>
      <DT N="PublishedDate">2018-10-25T17:25:24+03:00</DT>
      <Obj N="InstalledDate" RefId="1">
        <DT>2018-12-13T23:12:55.6294937+02:00</DT>
        <MS>
          <Obj N="DisplayHint" RefId="2">
            <TN RefId="1">
              <T>Microsoft.PowerShell.Commands.DisplayHintType</T>
              <T>System.Enum</T>
              <T>System.ValueType</T>
              <T>System.Object</T>
            </TN>
            <ToString>DateTime</ToString>
            <I32>2</I32>
          </Obj>
        </MS>
      </Obj>
      <Nil N="UpdatedDate" />
      <URI N="LicenseUri">https://github.com/PowerShell/xActiveDirectory/blob/master/LICENSE</URI>
      <URI N="ProjectUri">https://github.com/PowerShell/xActiveDirectory</URI>
      <Nil N="IconUri" />
      <Obj N="Tags" RefId="3">
        <TN RefId="2">
          <T>System.Object[]</T>
          <T>System.Array</T>
          <T>System.Object</T>
        </TN>
        <LST>
          <S>DesiredStateConfiguration</S>
          <S>DSC</S>
          <S>DSCResourceKit</S>
          <S>DSCResource</S>
          <S>PSModule</S>
        </LST>
      </Obj>
      <Obj N="Includes" RefId="4">
        <TN RefId="3">
          <T>System.Collections.Hashtable</T>
          <T>System.Object</T>
        </TN>
        <DCT>
          <En>
            <S N="Key">Function</S>
            <Obj N="Value" RefId="5">
              <TNRef RefId="2" />
              <LST />
            </Obj>
          </En>
          <En>
            <S N="Key">RoleCapability</S>
            <Ref N="Value" RefId="5" />
          </En>
          <En>
            <S N="Key">DscResource</S>
            <Obj N="Value" RefId="6">
              <TNRef RefId="2" />
              <LST>
                <S>xADComputer</S>
                <S>xADDomain</S>
                <S>xADDomainController</S>
                <S>xADDomainDefaultPasswordPolicy</S>
                <S>xADDomainTrust</S>
                <S>xADForestProperties</S>
                <S>xADGroup</S>
                <S>xADObjectPermissionEntry</S>
                <S>xADOrganizationalUnit</S>
                <S>xADRecycleBin</S>
                <S>xADReplicationSite</S>
                <S>xADReplicationSubnet</S>
                <S>xADServicePrincipalName</S>
                <S>xADUser</S>
                <S>xWaitForADDomain</S>
              </LST>
            </Obj>
          </En>
          <En>
            <S N="Key">Command</S>
            <Ref N="Value" RefId="5" />
          </En>
          <En>
            <S N="Key">Workflow</S>
            <Ref N="Value" RefId="5" />
          </En>
          <En>
            <S N="Key">Cmdlet</S>
            <Ref N="Value" RefId="5" />
          </En>
        </DCT>
      </Obj>
      <Nil N="PowerShellGetFormatVersion" />
      <S N="ReleaseNotes">* Add PasswordNeverResets parameter to xADUser to facilitate user lifecycle management_x000D__x000A_* Update appveyor.yml to use the default template._x000D__x000A_* Added default template files .gitattributes, and .gitignore, and_x000D__x000A_  .vscode folder._x000D__x000A_* Added xADForestProperties: New resource to manage User and Principal Name Suffixes for a Forest.</S>
      <Obj N="Dependencies" RefId="7">
        <TNRef RefId="2" />
        <LST />
      </Obj>
      <S N="RepositorySourceLocation">https://www.powershellgallery.com/api/v2</S>
      <S N="Repository">PSGallery</S>
      <S N="PackageManagementProvider">NuGet</S>
      <Obj N="AdditionalMetadata" RefId="8">
        <TN RefId="4">
          <T>System.Management.Automation.PSCustomObject</T>
          <T>System.Object</T>
        </TN>
        <MS>
          <S N="copyright">(c) 2014 Microsoft Corporation. All rights reserved.</S>
          <S N="description">The xActiveDirectory module is originally part of the Windows PowerShell Desired State Configuration (DSC) Resource Kit. This version has been modified for use in Azure. This module contains the xADDomain, xADDomainController, xADUser, and xWaitForDomain resources. These DSC Resources allow you to configure and manage Active Directory._x000D__x000A__x000D__x000A_All of the resources in the DSC Resource Kit are provided AS IS, and are not supported through any Microsoft standard support program or service.</S>
          <S N="requireLicenseAcceptance">False</S>
          <S N="releaseNotes">* Add PasswordNeverResets parameter to xADUser to facilitate user lifecycle management_x000D__x000A_* Update appveyor.yml to use the default template._x000D__x000A_* Added default template files .gitattributes, and .gitignore, and_x000D__x000A_  .vscode folder._x000D__x000A_* Added xADForestProperties: New resource to manage User and Principal Name Suffixes for a Forest.</S>
          <S N="isLatestVersion">True</S>
          <S N="isAbsoluteLatestVersion">True</S>
          <S N="versionDownloadCount">5827</S>
          <S N="downloadCount">144537</S>
          <S N="packageSize">774603</S>
          <S N="published">2018-10-25 17:25:24 +03:00</S>
          <S N="created">2018-10-25 17:25:24 +03:00</S>
          <S N="lastUpdated">2018-12-13 21:10:31 +02:00</S>
          <S N="tags">DesiredStateConfiguration DSC DSCResourceKit DSCResource PSModule PSDscResource_x005F_xADComputer PSDscResource_x005F_xADDomain PSDscResource_x005F_xADDomainController PSDscResource_x005F_xADDomainDefaultPasswordPolicy PSDscResource_x005F_xADDomainTrust PSDscResource_x005F_xADForestProperties PSDscResource_x005F_xADGroup PSDscResource_x005F_xADObjectPermissionEntry PSDscResource_x005F_xADOrganizationalUnit PSDscResource_x005F_xADRecycleBin PSDscResource_x005F_xADReplicationSite PSDscResource_x005F_xADReplicationSubnet PSDscResource_x005F_xADServicePrincipalName PSDscResource_x005F_xADUser PSDscResource_x005F_xWaitForADDomain PSIncludes_DscResource</S>
          <S N="developmentDependency">False</S>
          <S N="updated">2018-12-13T21:10:31Z</S>
          <S N="NormalizedVersion">2.22.0</S>
          <S N="Authors">Microsoft Corporation</S>
          <S N="IsPrerelease">false</S>
          <S N="ItemType">Module</S>
          <S N="FileList">xActiveDirectory.nuspec|.codecov.yml|.MetaTestOptIn.json|Assert-HADC.ps1|Assert-ParentChildDomains.ps1|HADCConfiguration.psd1|LICENSE|ParentChildConfig.psd1|README.md|xActiveDirectory.psd1|xActiveDirectory_TechNetDocumentation.html|.git\config|.git\description|.git\HEAD|.git\index|.git\packed-refs|.git\hooks\applypatch-msg.sample|.git\hooks\commit-msg.sample|.git\hooks\post-update.sample|.git\hooks\pre-applypatch.sample|.git\hooks\pre-commit.sample|.git\hooks\pre-push.sample|.git\hooks\pre-rebase.sample|.git\hooks\pre-receive.sample|.git\hooks\prepare-commit-msg.sample|.git\hooks\update.sample|.git\info\exclude|.git\logs\HEAD|.git\logs\refs\heads\dev|.git\logs\refs\heads\master|.git\logs\refs\remotes\origin\HEAD|.git\objects\pack\pack-68689740290aad4f08c7d8590b07068d601f876b.idx|.git\objects\pack\pack-68689740290aad4f08c7d8590b07068d601f876b.pack|.git\refs\heads\dev|.git\refs\heads\master|.git\refs\remotes\origin\HEAD|.github\PULL_REQUEST_TEMPLATE.md|.github\stale.yml|.github\ISSUE_TEMPLATE\General.md|.github\ISSUE_TEMPLATE\Problem_with_resource.md|.github\ISSUE_TEMPLATE\Resource_proposal.md|.vscode\analyzersettings.psd1|.vscode\settings.json|DSCResources\MSFT_x005F_xADCommon\MSFT_x005F_xADCommon.psm1|DSCResources\MSFT_x005F_xADComputer\MSFT_x005F_xADComputer.psm1|DSCResources\MSFT_x005F_xADComputer\MSFT_x005F_xADComputer.schema.mof|DSCResources\MSFT_x005F_xADComputer\en-US\MSFT_x005F_xADComputer.psd1|DSCResources\MSFT_x005F_xADDomain\MSFT_x005F_xADDomain.psm1|DSCResources\MSFT_x005F_xADDomain\MSFT_x005F_xADDomain.schema.mof|DSCResources\MSFT_x005F_xADDomainController\MSFT_x005F_xADDomainController.psm1|DSCResources\MSFT_x005F_xADDomainController\MSFT_x005F_xADDomainController.schema.mof|DSCResources\MSFT_x005F_xADDomainDefaultPasswordPolicy\MSFT_x005F_xADDomainDefaultPasswordPolicy.psm1|DSCResources\MSFT_x005F_xADDomainDefaultPasswordPolicy\MSFT_x005F_xADDomainDefaultPasswordPolicy.schema.mof|DSCResources\MSFT_x005F_xADDomainTrust\MSFT_x005F_xADDomainTrust.psm1|DSCResources\MSFT_x005F_xADDomainTrust\MSFT_x005F_xADDomainTrust.schema.mof|DSCResources\MSFT_x005F_xADForestProperties\MSFT_x005F_xADForestProperties.psm1|DSCResources\MSFT_x005F_xADForestProperties\MSFT_x005F_xADForestProperties.schema.mof|DSCResources\MSFT_x005F_xADForestProperties\en-us\MSFT_x005F_xADForestProperties.strings.psd1|DSCResources\MSFT_x005F_xADGroup\MSFT_x005F_xADGroup.psm1|DSCResources\MSFT_x005F_xADGroup\MSFT_x005F_xADGroup.schema.mof|DSCResources\MSFT_x005F_xADObjectPermissionEntry\MSFT_x005F_xADObjectPermissionEntry.psm1|DSCResources\MSFT_x005F_xADObjectPermissionEntry\MSFT_x005F_xADObjectPermissionEntry.schema.mof|DSCResources\MSFT_x005F_xADOrganizationalUnit\MSFT_x005F_xADOrganizationalUnit.psm1|DSCResources\MSFT_x005F_xADOrganizationalUnit\MSFT_x005F_xADOrganizationalUnit.schema.mof|DSCResources\MSFT_x005F_xADRecycleBin\MSFT_x005F_xADRecycleBin.psm1|DSCResources\MSFT_x005F_xADRecycleBin\MSFT_x005F_xADRecycleBin.schema.mof|DSCResources\MSFT_x005F_xADRecycleBin\Examples\xActiveDirectory_x005F_xADRecycleBin.ps1|DSCResources\MSFT_x005F_xADRecycleBin\ResourceDesignerScripts\GeneratexADRecycleBinSchema.ps1|DSCResources\MSFT_x005F_xADReplicationSite\MSFT_x005F_xADReplicationSite.psm1|DSCResources\MSFT_x005F_xADReplicationSite\MSFT_x005F_xADReplicationSite.schema.mof|DSCResources\MSFT_x005F_xADReplicationSubnet\MSFT_x005F_xADReplicationSubnet.psm1|DSCResources\MSFT_x005F_xADReplicationSubnet\MSFT_x005F_xADReplicationSubnet.schema.mof|DSCResources\MSFT_x005F_xADServicePrincipalName\MSFT_x005F_xADServicePrincipalName.psm1|DSCResources\MSFT_x005F_xADServicePrincipalName\MSFT_x005F_xADServicePrincipalName.schema.mof|DSCResources\MSFT_x005F_xADUser\MSFT_x005F_xADUser.psm1|DSCResources\MSFT_x005F_xADUser\MSFT_x005F_xADUser.schema.mof|DSCResources\MSFT_x005F_xWaitForADDomain\MSFT_x005F_xWaitForADDomain.psm1|DSCResources\MSFT_x005F_xWaitForADDomain\MSFT_x005F_xWaitForADDomain.schema.mof|Examples\README.md|Examples\Resources\xADDomain\1-NewForest.ps1|Examples\Resources\xADDomain\2-NewChildDomain.ps1|Examples\Resources\xADForestProperties\1-ReplaceForestProperties.ps1|Examples\Resources\xADForestProperties\2-AddRemoveForestProperties.ps1|Examples\Resources\xADObjectPermissionEntry\1-DelegateFullControl.ps1|Examples\Resources\xADObjectPermissionEntry\2-CreateDeleteComputerObject.ps1|Examples\Resources\xADObjectPermissionEntry\3-ReadWriteComputerObjectProperties.ps1|Examples\Resources\xADUser\1-CreateUserAndManagePassword.ps1|Examples\Resources\xADUser\2-CreateUserAndIgnorePasswordChanges.ps1|Misc\New-ADDomainTrust.ps1|Tests\Unit\MSFT_x005F_xADCommon.Tests.ps1|Tests\Unit\MSFT_x005F_xADComputer.Tests.ps1|Tests\Unit\MSFT_x005F_xADDomain.Tests.ps1|Tests\Unit\MSFT_x005F_xADDomainController.Tests.ps1|Tests\Unit\MSFT_x005F_xADDomainDefaultPasswordPolicy.Tests.ps1|Tests\Unit\MSFT_x005F_xADForestProperties.Tests.ps1|Tests\Unit\MSFT_x005F_xADGroup.Tests.ps1|Tests\Unit\MSFT_x005F_xADObjectPermissionEntry.Tests.ps1|Tests\Unit\MSFT_x005F_xADOrganizationalUnit.Tests.ps1|Tests\Unit\MSFT_x005F_xADReplicationSite.Tests.ps1|Tests\Unit\MSFT_x005F_xADReplicationSubnet.Tests.ps1|Tests\Unit\MSFT_x005F_xADServicePrincipalName.Tests.ps1|Tests\Unit\MSFT_x005F_xADUser.Tests.ps1|Tests\Unit\MSFT_x005F_xWaitForADDomain.Tests.ps1|Tests\Unit\Stubs\Microsoft.ActiveDirectory.Management.cs|Tests\Unit\Stubs\Microsoft.DirectoryServices.Deployment.Types.cs</S>
          <S N="GUID">9FECD4F6-8F02-4707-99B3-539E940E9FF5</S>
          <S N="PowerShellVersion">4.0</S>
          <S N="CLRVersion">4.0</S>
          <S N="CompanyName">Microsoft Corporation</S>
        </MS>
      </Obj>
      <S N="InstalledLocation">C:\Program Files\PowerShell\Modules\xActiveDirectory\2.22.0.0</S>
    </MS>
  </Obj>
</Objs>
